,"Tabel Input-Output Indonesia Transaksi Domestik Atas Dasar Harga Dasar (17 Produk), 2020",,,,,,,,,,,,,,,,,,,,,,,,,,,,,,,,,,,,,,,,,,,,,,,,,,,,,,,,,,,,,,,,,,,,,,,,,,,,,,,,,,,,,,,,,,,,,,,,,,,,,,,,,,,,,,,,,,,,,,,,,,,,,,,,,,,,,,,,,,,,,,,,,,,
,(Juta Rupiah),,,,,,,,,,,,,,,,,,,,,,,,,,,,,,,,,,,,,,,,,,,,,,,,,,,,,,,,,,,,,,,,,,,,,,,,,,,,,,,,,,,,,,,,,,,,,,,,,,,,,,,,,,,,,,,,,,,,,,,,,,,,,,,,,,,,,,,,,,,,,,,,,,,
,,,,,,,,,,,,,,,,,,,,,,,,,,,,,,,,,,,,,,,,,,,,,,,,,,,,,,,,,,,,,,,,,,,,,,,,,,,,,,,,,,,,,,,,,,,,,,,,,,,,,,,,,,,,,,,,,,,,,,,,,,,,,,,,,,,,,,,,,,,,,,,,,,,,
,Kode,Produk,1,2,3,4,5,6,7,8,9,10,11,12,13,14,15,16,17,1800,3011,3012,3020,3030,3040,3050,3060,3090,3100,4011,4012,4013,4019,5011,5012,5013,5019,6090,7000,8000,,,,,,,,,,,,,,,,,,,,,,,,,,,,,,,,,,,,,,,,,,,,,,,,,,,,,,,,,,,,,,,,,,,,,,,,,,,,,,,,,,,,,,,,,,,,,,,,,,,,,,,,,,,,
,,,"Pertanian, Kehutanan, dan Perikanan",Pertambangan dan Penggalian,Industri Pengolahan,Pengadaan Listrik dan Gas,"Pengadaan Air, Pengelolaan Sampah, Limbah dan Daur Ulang",Konstruksi,Perdagangan Besar dan Eceran; Reparasi Mobil dan Sepeda Motor,Transportasi dan Pergudangan,Penyediaan Akomodasi dan Makan Minum,Informasi dan Komunikasi,Jasa Keuangan dan Asuransi,Real Estate,Jasa Perusahaan,"Administrasi Pemerintahan, Pertahanan dan Jaminan Sosial Wajib",Jasa Pendidikan,Jasa Kesehatan dan Kegiatan Sosial,Jasa lainnya,Total Permintaan Antara,Konsumsi Rumah Tangga,Konsumsi LNPRT,Konsumsi Pemerintah,Pembentukan Modal Tetap Bruto,Perubahan Inventori,Ekspor Barang (F.o.b),Ekspor Jasa,Total Permintaan Akhir,Total Permintaan,Impor Barang (c.i.f),Impor Jasa,Adjustment (i.f),Total Impor,Marjin Perdagangan Besar,Marjin Perdagangan Eceran,Biaya Pengangkutan,Total Marjin Perdagangan dan Biaya Pengangkutan,Total Pajak dikurang Subsidi atas Produk,Output Domestik Harga Dasar,Total Penyediaan,,,,,,,,,,,,,,,,,,,,,,,,,,,,,,,,,,,,,,,,,,,,,,,,,,,,,,,,,,,,,,,,,,,,,,,,,,,,,,,,,,,,,,,,,,,,,,,,,,,,,,,,,,,,
,1,"Pertanian, Kehutanan, dan Perikanan"," 177,950,421 "," 1,924 "," 1,187,578,694 "," 11,265 "," 13,131 "," 79,973,220 "," 2,254,959 "," 3,671,730 "," 140,106,931 "," 88,151 "," 3,577 ", 895 ," 122,662 "," 2,148,319 "," 1,006,884 "," 14,967,609 "," 7,365,526 "," 1,617,265,898 "," 680,859,607 ", - , - ," 218,633,618 "," 11,338,690 "," 55,664,465 ", - ," 966,496,380 "," 2,583,762,278 ", - , - , - , - , - , - , - , - , - ," 2,583,762,278 "," 2,583,762,278 ",,,,,,,,,,,,,,,,,,,,,,,,,,,,,,,,,,,,,,,,,,,,,,,,,,,,,,,,,,,,,,,,,,,,,,,,,,,,,,,,,,,,,,,,,,,,,,,,,,,,,,,,,,,,
,2,Pertambangan dan Penggalian," 98,285 "," 137,956,001 "," 522,219,053 "," 191,592,139 "," 192,564 "," 234,035,063 "," 34,027 "," 2,554,579 ", 452 , - , - , - ," 5,960 "," 2,773,179 ", 325 ," 66,778 ", - ," 1,091,528,405 "," 392,584 ", - , - ," 16,080,119 "," 23,309,241 "," 408,926,459 ", - ," 448,708,403 "," 1,540,236,808 ", - , - , - , - , - , - , - , - , - ," 1,540,236,808 "," 1,540,236,808 ",,,,,,,,,,,,,,,,,,,,,,,,,,,,,,,,,,,,,,,,,,,,,,,,,,,,,,,,,,,,,,,,,,,,,,,,,,,,,,,,,,,,,,,,,,,,,,,,,,,,,,,,,,,,
,3,Industri Pengolahan," 175,489,943 "," 77,311,324 "," 1,397,416,585 "," 7,701,177 "," 7,278,357 "," 574,510,571 "," 178,347,898 "," 293,302,535 "," 358,223,263 "," 25,523,979 "," 20,872,617 "," 14,185,491 "," 58,358,726 "," 48,403,306 "," 53,594,964 "," 171,536,683 "," 53,738,214 "," 3,515,795,633 "," 2,269,453,517 ", - ," 3,943,654 "," 623,676,326 ","-35,755,640 "," 1,752,936,746 "," 5,358,222 "," 4,619,612,825 "," 8,135,408,458 ", - , - , - , - , - , - , - , - , - ," 8,135,408,458 "," 8,135,408,458 ",,,,,,,,,,,,,,,,,,,,,,,,,,,,,,,,,,,,,,,,,,,,,,,,,,,,,,,,,,,,,,,,,,,,,,,,,,,,,,,,,,,,,,,,,,,,,,,,,,,,,,,,,,,,
,4,Pengadaan Listrik dan Gas," 2,199,738 "," 8,547,245 "," 61,714,049 "," 338,566,608 "," 2,015,610 "," 15,829,641 "," 22,355,839 "," 24,903,968 "," 2,009,141 "," 33,057,379 "," 2,579,980 "," 3,873,626 "," 4,104,711 "," 14,373,875 "," 7,510,524 "," 14,657,663 "," 14,004,352 "," 572,303,949 "," 185,866,392 ", - , - , - ," 202,671 ", - , - ," 186,069,063 "," 758,373,012 ", - , - , - , - , - , - , - , - , - ," 758,373,012 "," 758,373,012 ",,,,,,,,,,,,,,,,,,,,,,,,,,,,,,,,,,,,,,,,,,,,,,,,,,,,,,,,,,,,,,,,,,,,,,,,,,,,,,,,,,,,,,,,,,,,,,,,,,,,,,,,,,,,
,5,"Pengadaan Air, Pengelolaan Sampah, Limbah dan Daur Ulang"," 219,187 "," 771,858 "," 3,357,954 "," 453,724 "," 2,001,180 "," 455,910 "," 692,494 "," 1,269,415 "," 56,963 "," 353,539 "," 67,216 "," 47,788 "," 1,081,984 "," 2,063,135 "," 466,343 "," 2,849,812 "," 2,245,469 "," 18,453,971 "," 48,194,142 ", - ," 2,703,691 ", - , - ," 717,257 ", - ," 51,615,090 "," 70,069,061 ", - , - , - , - , - , - , - , - , - ," 70,069,061 "," 70,069,061 ",,,,,,,,,,,,,,,,,,,,,,,,,,,,,,,,,,,,,,,,,,,,,,,,,,,,,,,,,,,,,,,,,,,,,,,,,,,,,,,,,,,,,,,,,,,,,,,,,,,,,,,,,,,,
,6,Konstruksi," 10,820,622 "," 18,165,938 "," 5,592,014 "," 310,799 "," 848,536 "," 54,215,629 "," 18,007,978 "," 6,563,730 "," 37,336 "," 1,921,210 "," 4,672,519 "," 77,964,170 "," 4,530,990 "," 40,632,098 "," 5,810,812 "," 1,411,031 "," 4,512,919 "," 256,018,331 "," 26,034,489 ", - , - ," 3,156,349,312 ","-850,808 ", - ," 5,300,560 "," 3,186,833,553 "," 3,442,851,884 ", - , - , - , - , - , - , - , - , - ," 3,442,851,884 "," 3,442,851,884 ",,,,,,,,,,,,,,,,,,,,,,,,,,,,,,,,,,,,,,,,,,,,,,,,,,,,,,,,,,,,,,,,,,,,,,,,,,,,,,,,,,,,,,,,,,,,,,,,,,,,,,,,,,,,
,7,Perdagangan Besar dan Eceran; Reparasi Mobil dan Sepeda Motor," 69,559,858 "," 43,109,378 "," 490,028,138 "," 7,204,537 "," 2,513,291 "," 295,744,099 "," 70,192,971 "," 96,371,093 "," 88,878,034 "," 9,507,257 "," 9,134,831 "," 7,887,843 "," 33,613,968 "," 13,741,675 "," 16,015,000 "," 46,177,116 "," 13,942,491 "," 1,313,621,580 "," 1,141,820,695 ", - ," 511,966 "," 297,752,284 ","-15,016,240 "," 192,155,293 "," 655,503 "," 1,617,879,501 "," 2,931,501,081 ", - , - , - , - , - , - , - , - , - ," 2,931,501,081 "," 2,931,501,081 ",,,,,,,,,,,,,,,,,,,,,,,,,,,,,,,,,,,,,,,,,,,,,,,,,,,,,,,,,,,,,,,,,,,,,,,,,,,,,,,,,,,,,,,,,,,,,,,,,,,,,,,,,,,,
,8,Transportasi dan Pergudangan," 12,262,964 "," 81,768,719 "," 155,236,442 "," 2,294,966 "," 2,334,897 "," 186,388,666 "," 103,431,568 "," 96,719,461 "," 9,817,745 "," 10,335,066 "," 5,748,432 "," 4,586,955 "," 21,375,024 "," 56,228,385 "," 19,694,369 "," 20,295,263 "," 6,679,547 "," 795,198,469 "," 583,609,683 ", - ," 35,237 "," 57,485,132 ","-2,788,346 "," 56,179,753 "," 42,460,998 "," 736,982,457 "," 1,532,180,926 ", - , - , - , - , - , - , - , - , - ," 1,532,180,926 "," 1,532,180,926 ",,,,,,,,,,,,,,,,,,,,,,,,,,,,,,,,,,,,,,,,,,,,,,,,,,,,,,,,,,,,,,,,,,,,,,,,,,,,,,,,,,,,,,,,,,,,,,,,,,,,,,,,,,,,
,9,Penyediaan Akomodasi dan Makan Minum," 763,010 "," 1,613,769 "," 11,706,100 "," 286,338 "," 967,102 "," 13,657,558 "," 18,639,149 "," 12,126,306 "," 340,443 "," 3,456,649 "," 2,596,702 "," 1,823,005 "," 4,782,035 "," 52,588,300 "," 18,443,694 "," 18,050,258 "," 9,586,417 "," 171,426,835 "," 980,563,422 ", - , - , - , - , - ," 35,574,700 "," 1,016,138,122 "," 1,187,564,957 ", - , - , - , - , - , - , - , - , - ," 1,187,564,957 "," 1,187,564,957 ",,,,,,,,,,,,,,,,,,,,,,,,,,,,,,,,,,,,,,,,,,,,,,,,,,,,,,,,,,,,,,,,,,,,,,,,,,,,,,,,,,,,,,,,,,,,,,,,,,,,,,,,,,,,
,10,Informasi dan Komunikasi," 1,040,694 "," 7,635,194 "," 60,201,656 "," 1,462,293 "," 400,912 "," 41,627,759 "," 62,055,932 "," 46,842,953 "," 1,019,171 "," 155,180,064 "," 27,426,784 "," 38,772,635 "," 102,007,796 "," 35,952,441 "," 15,461,435 "," 13,121,535 "," 10,581,331 "," 620,790,585 "," 448,186,675 ", - ," 3,766,311 "," 20,873,403 ","-294,941 "," 12,214 "," 29,238,288 "," 501,781,950 "," 1,122,572,535 ", - , - , - , - , - , - , - , - , - ," 1,122,572,535 "," 1,122,572,535 ",,,,,,,,,,,,,,,,,,,,,,,,,,,,,,,,,,,,,,,,,,,,,,,,,,,,,,,,,,,,,,,,,,,,,,,,,,,,,,,,,,,,,,,,,,,,,,,,,,,,,,,,,,,,
,11,Jasa Keuangan dan Asuransi," 40,197,539 "," 32,368,146 "," 98,526,454 "," 14,488,449 "," 663,040 "," 40,498,462 "," 145,687,370 "," 32,496,136 "," 11,389,401 "," 15,712,322 "," 68,501,078 "," 18,463,501 "," 37,745,530 "," 5,290,556 "," 4,878,788 "," 8,853,376 "," 18,781,970 "," 594,542,118 "," 307,934,566 ", - ," 15,603,595 ", - , - , - ," 11,919,891 "," 335,458,052 "," 930,000,170 ", - , - , - , - , - , - , - , - , - ," 930,000,170 "," 930,000,170 ",,,,,,,,,,,,,,,,,,,,,,,,,,,,,,,,,,,,,,,,,,,,,,,,,,,,,,,,,,,,,,,,,,,,,,,,,,,,,,,,,,,,,,,,,,,,,,,,,,,,,,,,,,,,
,12,Real Estate," 35,764 "," 15,339,358 "," 15,046,610 "," 25,748 "," 367,275 "," 42,972,316 "," 88,066,266 "," 12,104,060 "," 1,758,191 "," 10,029,764 "," 7,960,404 "," 3,921,304 "," 12,991,307 "," 5,487,425 "," 12,588,518 "," 6,350,578 "," 23,136,132 "," 258,181,020 "," 701,362,666 ", - , - , - , - , - ," 4,699,638 "," 706,062,304 "," 964,243,324 ", - , - , - , - , - , - , - , - , - ," 964,243,324 "," 964,243,324 ",,,,,,,,,,,,,,,,,,,,,,,,,,,,,,,,,,,,,,,,,,,,,,,,,,,,,,,,,,,,,,,,,,,,,,,,,,,,,,,,,,,,,,,,,,,,,,,,,,,,,,,,,,,,
,13,Jasa Perusahaan," 6,227,526 "," 51,592,153 "," 63,107,497 "," 11,596,594 "," 1,423,469 "," 121,298,493 "," 63,868,453 "," 55,424,852 "," 990,814 "," 74,945,131 "," 38,407,164 "," 33,034,578 "," 39,784,160 "," 41,945,326 "," 30,683,246 "," 42,745,759 "," 16,958,326 "," 694,033,541 "," 36,541,164 ", - , - ," 31,528,167 ", - , - ," 67,043,765 "," 135,113,096 "," 829,146,637 ", - , - , - , - , - , - , - , - , - ," 829,146,637 "," 829,146,637 ",,,,,,,,,,,,,,,,,,,,,,,,,,,,,,,,,,,,,,,,,,,,,,,,,,,,,,,,,,,,,,,,,,,,,,,,,,,,,,,,,,,,,,,,,,,,,,,,,,,,,,,,,,,,
,14,"Administrasi Pemerintahan, Pertahanan dan Jaminan Sosial Wajib"," 568,862 "," 2,317,863 "," 2,959,879 "," 173,774 "," 212,794 "," 1,033,842 "," 1,086,013 "," 3,574,387 "," 95,692 "," 22,761,217 "," 905,112 "," 5,627,300 "," 3,706,454 "," 1,024,153 "," 530,490 "," 2,290,606 "," 98,434 "," 48,966,872 "," 3,110,119 ", - ," 686,575,114 "," 6,978,323 ", - , - ," 9,043,028 "," 705,706,584 "," 754,673,456 ", - , - , - , - , - , - , - , - , - ," 754,673,456 "," 754,673,456 ",,,,,,,,,,,,,,,,,,,,,,,,,,,,,,,,,,,,,,,,,,,,,,,,,,,,,,,,,,,,,,,,,,,,,,,,,,,,,,,,,,,,,,,,,,,,,,,,,,,,,,,,,,,,
,15,Jasa Pendidikan, - ," 1,153,400 "," 3,207,792 "," 55,873 "," 66,503 "," 1,077,068 "," 2,019,330 "," 6,935,689 "," 45,033 "," 485,684 "," 5,701,028 "," 30,187 "," 3,459,365 "," 4,200,221 "," 9,852,384 "," 2,871,298 "," 1,274,337 "," 42,435,192 "," 363,674,616 "," 18,431,015 "," 338,021,493 ", - , - , - ," 876,730 "," 721,003,854 "," 763,439,046 ", - , - , - , - , - , - , - , - , - ," 763,439,046 "," 763,439,046 ",,,,,,,,,,,,,,,,,,,,,,,,,,,,,,,,,,,,,,,,,,,,,,,,,,,,,,,,,,,,,,,,,,,,,,,,,,,,,,,,,,,,,,,,,,,,,,,,,,,,,,,,,,,,
,16,Jasa Kesehatan dan Kegiatan Sosial," 63,995 "," 1,379,462 "," 2,805,501 "," 3,788 "," 7,645 "," 392,497 "," 3,197,491 "," 5,608,341 "," 38,556 "," 57,658 "," 1,577,780 "," 1,109,309 "," 1,918,257 "," 4,980,412 "," 540,066 "," 3,204,560 "," 1,851,705 "," 28,737,023 "," 297,011,990 "," 20,777,245 "," 337,026,841 ", - , - , - ," 1,734,044 "," 656,550,120 "," 685,287,143 ", - , - , - , - , - , - , - , - , - ," 685,287,143 "," 685,287,143 ",,,,,,,,,,,,,,,,,,,,,,,,,,,,,,,,,,,,,,,,,,,,,,,,,,,,,,,,,,,,,,,,,,,,,,,,,,,,,,,,,,,,,,,,,,,,,,,,,,,,,,,,,,,,
,17,Jasa lainnya," 970,901 "," 562,124 "," 3,340,345 "," 649,615 "," 187,847 "," 15,646,474 "," 4,105,354 "," 8,725,374 "," 257,741 "," 20,022,751 "," 757,104 "," 2,242,251 "," 2,652,389 "," 3,145,491 "," 3,985,290 "," 4,453,688 "," 8,960,529 "," 80,665,268 "," 215,874,100 "," 162,445,118 "," 5,795,393 ", - , - , - ," 4,159,871 "," 388,274,482 "," 468,939,750 ", - , - , - , - , - , - , - , - , - ," 468,939,750 "," 468,939,750 ",,,,,,,,,,,,,,,,,,,,,,,,,,,,,,,,,,,,,,,,,,,,,,,,,,,,,,,,,,,,,,,,,,,,,,,,,,,,,,,,,,,,,,,,,,,,,,,,,,,,,,,,,,,,
,i.f.,adjustment i.f., - , - , - , - , - , - , - , - , - , - , - , - , - , - , - , - , - , - , - , - , - , - , - , - , - , - , - , - , - , - , - , - , - , - , - , - , - , - ,,,,,,,,,,,,,,,,,,,,,,,,,,,,,,,,,,,,,,,,,,,,,,,,,,,,,,,,,,,,,,,,,,,,,,,,,,,,,,,,,,,,,,,,,,,,,,,,,,,,,,,,,,,,
,1900,Total Input Antara," 498,469,309 "," 481,593,856 "," 4,084,044,763 "," 576,877,687 "," 21,494,153 "," 1,719,357,268 "," 784,043,092 "," 709,194,609 "," 615,064,907 "," 383,437,821 "," 196,912,328 "," 213,570,838 "," 332,241,318 "," 334,978,297 "," 201,063,132 "," 373,903,613 "," 193,717,699 "," 11,719,964,690 "," 8,290,490,427 "," 201,653,378 "," 1,393,983,295 "," 4,429,356,684 ","-19,855,373 "," 2,466,592,187 "," 218,065,238 "," 16,980,285,836 "," 28,700,250,526 ", - , - , - , - , - , - , - , - , - ," 28,700,250,526 "," 28,700,250,526 ",,,,,,,,,,,,,,,,,,,,,,,,,,,,,,,,,,,,,,,,,,,,,,,,,,,,,,,,,,,,,,,,,,,,,,,,,,,,,,,,,,,,,,,,,,,,,,,,,,,,,,,,,,,,
,1950,Pajak Dikurang Subsidi Atas Produk,"-26,795,579 "," 4,767,425 "," 56,196,711 "," 1,136,121 "," 235,787 "," 29,969,734 "," 6,703,627 "," 10,915,741 "," 5,833,560 "," 1,705,006 "," 707,470 "," 865,534 "," 1,776,554 "," 2,250,985 "," 1,168,905 "," 2,676,257 "," 1,969,297 "," 102,083,135 "," 317,751,872 ", - , - ," 147,744,584 ","-549,136 "," 4,264,318 ", - ," 469,211,638 "," 571,294,773 ", - , - , - , - , - , - , - , - ," 571,294,773 ", - ," 571,294,773 ",,,,,,,,,,,,,,,,,,,,,,,,,,,,,,,,,,,,,,,,,,,,,,,,,,,,,,,,,,,,,,,,,,,,,,,,,,,,,,,,,,,,,,,,,,,,,,,,,,,,,,,,,,,,
,2000,Total Konsumsi Antara Impor," 61,233,496 "," 74,031,880 "," 853,373,668 "," 19,984,456 "," 4,662,346 "," 354,691,642 "," 84,371,343 "," 94,651,336 "," 45,409,264 "," 41,601,877 "," 19,149,701 "," 16,691,787 "," 40,556,210 "," 27,919,990 "," 25,375,324 "," 46,973,899 "," 18,302,526 "," 1,828,980,745 "," 304,296,843 ", - ," 892,242 "," 319,949,207 ","-31,974,741 ", - , - ," 593,163,551 "," 2,422,144,296 "," 2,060,113,093 "," 362,031,203 ", - ," 2,422,144,296 ", - , - , - , - , - , - ," 2,422,144,296 ",,,,,,,,,,,,,,,,,,,,,,,,,,,,,,,,,,,,,,,,,,,,,,,,,,,,,,,,,,,,,,,,,,,,,,,,,,,,,,,,,,,,,,,,,,,,,,,,,,,,,,,,,,,,
,2010,Kompensasi Tenaga Kerja," 758,855,037 "," 224,600,593 "," 975,126,797 "," 33,575,863 "," 9,973,317 "," 636,074,956 "," 892,738,381 "," 254,462,249 "," 257,623,629 "," 198,674,839 "," 256,994,548 "," 67,220,608 "," 185,704,604 "," 334,181,165 "," 425,518,415 "," 153,303,472 "," 146,174,051 "," 5,810,802,524 ",,,,,,,,,,,,,,,,,,,,,,,,,,,,,,,,,,,,,,,,,,,,,,,,,,,,,,,,,,,,,,,,,,,,,,,,,,,,,,,,,,,,,,,,,,,,,,,,,,,,,,,,,,,,,,,,,,,,,,,,,,,,,,,,
,2020,Surplus Usaha Bruto," 1,282,990,498 "," 749,888,356 "," 2,136,615,725 "," 126,444,722 "," 33,610,772 "," 697,695,466 "," 1,155,345,729 "," 458,037,560 "," 260,270,549 "," 492,909,612 "," 454,349,822 "," 644,498,922 "," 266,553,452 "," 55,343,019 "," 109,678,356 "," 108,207,669 "," 107,854,495 "," 9,140,294,724 ",,,,,,,,,,,,,,,,,,,,,,,,,,,,,,,,,,,,,,,,,,,,,,,,,,,,,,,,,,,,,,,,,,,,,,,,,,,,,,,,,,,,,,,,,,,,,,,,,,,,,,,,,,,,,,,,,,,,,,,,,,,,,,,,
,2030,Pajak Dikurang Subsidi Lainnya Atas Produksi," 9,009,517 "," 5,354,698 "," 30,050,794 "," 354,163 "," 92,686 "," 5,062,818 "," 8,298,909 "," 4,919,431 "," 3,363,048 "," 4,243,380 "," 1,886,301 "," 21,395,635 "," 2,314,499 ", - ," 634,914 "," 222,233 "," 921,682 "," 98,124,708 ",,,,,,,,,,,,,,,,,,,,,,,,,,,,,,,,,,,,,,,,,,,,,,,,,,,,,,,,,,,,,,,,,,,,,,,,,,,,,,,,,,,,,,,,,,,,,,,,,,,,,,,,,,,,,,,,,,,,,,,,,,,,,,,,
,2090,Total Input Primer," 2,050,855,052 "," 979,843,647 "," 3,141,793,316 "," 160,374,748 "," 43,676,775 "," 1,338,833,240 "," 2,056,383,019 "," 717,419,240 "," 521,257,226 "," 695,827,831 "," 713,230,671 "," 733,115,165 "," 454,572,555 "," 389,524,184 "," 535,831,685 "," 261,733,374 "," 254,950,228 "," 15,049,221,956 ",,,,,,,,,,,,,,,,,,,,,,,,,,,,,,,,,,,,,,,,,,,,,,,,,,,,,,,,,,,,,,,,,,,,,,,,,,,,,,,,,,,,,,,,,,,,,,,,,,,,,,,,,,,,,,,,,,,,,,,,,,,,,,,,
,2100,Total Input," 2,583,762,278 "," 1,540,236,808 "," 8,135,408,458 "," 758,373,012 "," 70,069,061 "," 3,442,851,884 "," 2,931,501,081 "," 1,532,180,926 "," 1,187,564,957 "," 1,122,572,535 "," 930,000,170 "," 964,243,324 "," 829,146,637 "," 754,673,456 "," 763,439,046 "," 685,287,143 "," 468,939,750 "," 28,700,250,526 ",,,,,,,,,,,,,,,,,,,,,,,,,,,,,,,,,,,,,,,,,,,,,,,,,,,,,,,,,,,,,,,,,,,,,,,,,,,,,,,,,,,,,,,,,,,,,,,,,,,,,,,,,,,,,,,,,,,,,,,,,,,,,,,,
,,,,,,,,,,,,,,,,,,,,,,,,,,,,,,,,,,,,,,,,,,,,,,,,,,,,,,,,,,,,,,,,,,,,,,,,,,,,,,,,,,,,,,,,,,,,,,,,,,,,,,,,,,,,,,,,,,,,,,,,,,,,,,,,,,,,,,,,,,,,,,,,,,,,
,,,,,,,,,,,,,,,,,,,,,,,,,,,,,,,,,,,,,,,,,,,,,,,,,,,,,,,,,,,,,,,,,,,,,,,,,,,,,,,,,,,,,,,,,,,,,,,,,,,,,,,,,,,,,,,,,,,,,,,,,,,,,,,,,,,,,,,,,,,,,,,,,,,,
,,,,,,,,,,,,,,,,,,,,,,,,,,,,,,,,,,,,,,,,,,,,,,,,,,,,,,,,,,,,,,,,,,,,,,,,,,,,,,,,,,,,,,,,,,,,,,,,,,,,,,,,,,,,,,,,,,,,,,,,,,,,,,,,,,,,,,,,,,,,,,,,,,,,
,,,,,,,,,,,,,,,,,,,,,,,,,,,,,,,,,,,,,,,,,,,,,,,,,,,,,,,,,,,,,,,,,,,,,,,,,,,,,,,,,,,,,,,,,,,,,,,,,,,,,,,,,,,,,,,,,,,,,,,,,,,,,,,,,,,,,,,,,,,,,,,,,,,,
,,,,,,,,,,,,,,,,,,,,,,,,,,,,,,,,,,,,,,,,,,,,,,,,,,,,,,,,,,,,,,,,,,,,,,,,,,,,,,,,,,,,,,,,,,,,,,,,,,,,,,,,,,,,,,,,,,,,,,,,,,,,,,,,,,,,,,,,,,,,,,,,,,,,
,,,,,,,,,,,,,,,,,,,,,,,,,,,,,,,,,,,,,,,,,,,,,,,,,,,,,,,,,,,,,,,,,,,,,,,,,,,,,,,,,,,,,,,,,,,,,,,,,,,,,,,,,,,,,,,,,,,,,,,,,,,,,,,,,,,,,,,,,,,,,,,,,,,,
,,,,,,,,,,,,,,,,,,,,,,,,,,,,,,,,,,,,,,,,,,,,,,,,,,,,,,,,,,,,,,,,,,,,,,,,,,,,,,,,,,,,,,,,,,,,,,,,,,,,,,,,,,,,,,,,,,,,,,,,,,,,,,,,,,,,,,,,,,,,,,,,,,,,
,,,,,,,,,,,,,,,,,,,,,,,,,,,,,,,,,,,,,,,,,,,,,,,,,,,,,,,,,,,,,,,,,,,,,,,,,,,,,,,,,,,,,,,,,,,,,,,,,,,,,,,,,,,,,,,,,,,,,,,,,,,,,,,,,,,,,,,,,,,,,,,,,,,,